program_number,program_name,program_category,provider_number,provider_name,service_type,street,latitude,longitude,city,state,zip_code,full_address,program_county,current_certified_capacity,capacity_lift_indicator,date_operational,source_borocd
18,Greenwich House East OTP,Opioid Treatment Program,50730,"Greenwich House, Inc.",Opioid Outpatient Treatment,190 Mercer St,40.7262136,-73.9971153,New York,New York,10012,190 Mercer St New York New York 10012,New York,800,,4/1/1977,102
52692,"Lafayette Medical Approach, LLC OTP",Opioid Treatment Program,45580,"Lafayette Medical Approach, LLC",Opioid Outpatient Treatment,233 LaFayette St,40.7224633,-73.9968567,New York,New York,10012,233 LaFayette St New York New York 10012,New York,600,,8/21/2013,102
646,Clinic III OTP,Opioid Treatment Program,23720,"Lower East Side Service Center, Inc.",Opioid Outpatient Treatment,46 E Broadway,40.7137873,-73.9958864,New York,New York,10002,46 E Broadway New York New York 10002,New York,380,,10/1/1988,103
644,Lower East Side Service Ctr OTP,Opioid Treatment Program,23720,"Lower East Side Service Center, Inc.",Opioid Outpatient Treatment,46 E Broadway,40.7137873,-73.9958864,New York,New York,10002,46 E Broadway New York New York 10002,New York,490,,10/1/1988,103
51112,Project Renewal MMW,Crisis,50470,"Project Renewal, Inc.",Medically Monitored Withdrawal,8 E 3rd St,40.7258567,-73.9910376,New York,New York,10003,8 E 3rd St New York New York 10003,New York,30,,3/1/1991,103
52081,Project Renewal MSW-OP,Crisis,50470,"Project Renewal, Inc.",Med Sup Withdrawal-Outpatient,8 E 3rd St,40.7258567,-73.9910376,New York,New York,10003,8 E 3rd St New York New York 10003,New York,30,,1/16/2007,103
53125,Gouverneur Clinic OTP,Opioid Treatment Program,83040,Beth Israel Medical Center,Opioid Outpatient Treatment,109 Delancey St,40.7184126,-73.9886502,New York,New York,10002,109 Delancey St New York New York 10002,New York,450,,8/10/2017,103
957,"Odyssey House, Inc. IR",Residential,19400,"Odyssey House, Inc.",Intensive Residential,309 E 6th St,40.72729,-73.98775,New York,New York,10003,309 E 6th St New York New York 10003,New York,60,,4/1/1977,103
53126,MMTP Avenue A Clinic OTP,Opioid Treatment Program,83040,Beth Israel Medical Center,Opioid Outpatient Treatment,26 Avenue A,40.7231342,-73.9853215,New York,New York,10009,26 Avenue A New York New York 10009,New York,400,,8/10/2017,103
52063,Lower East Side Service Center M-IR1,Opioid Treatment Program,23720,"Lower East Side Service Center, Inc.",Intensive Residential,7 Gouverneur Slip E,40.710978,-73.9829341,New York,New York,10002,7 Gouverneur Slip E New York New York 10002,New York,10,,10/1/2006,103
311,Lower East Side Service Center MTA-R,Opioid Treatment Program,23720,"Lower East Side Service Center, Inc.",MAOT-A-Residential,7 Gouverneur Slip E,40.710978,-73.9829341,New York,New York,10002,7 Gouverneur Slip E New York New York 10002,New York,100,,4/1/1977,103
3096,Lower East Side Service Center M-IR,Opioid Treatment Program,23720,"Lower East Side Service Center, Inc.",Intensive Residential,7 Gouverneur Slip E,40.710978,-73.9829341,New York,New York,10002,7 Gouverneur Slip E New York New York 10002,New York,43,,9/1/1982,103
53069,Pride Site SRR,Residential,70590,"The Educational Alliance, Inc.",820 Stabil Rehab Reintegration,25 Avenue D,40.7209391,-73.9782011,New York,New York,10009,25 Avenue D New York New York 10009,New York,100,,5/8/2017,103
1482,West Midtown Management Group OTP,Opioid Treatment Program,29520,"West Midtown Management Group, Inc.",Opioid Outpatient Treatment,311 West 35th St,40.7532529,-73.9934949,New York,New York,10001,311 West 35th St New York New York 10001,New York,500,,9/1/1977,104
1483,West Midtown Management Group OTP 1,Opioid Treatment Program,29520,"West Midtown Management Group, Inc.",Opioid Outpatient Treatment,311 West 35th St,40.7532529,-73.9934949,New York,New York,10001,311 West 35th St New York New York 10001,New York,500,,9/1/1977,104
52757,Bowery Residents' Committee Inc MSW-IP,Crisis,50490,"Bowery Residents' Committee, Inc.",Med Sup Withdrawal - Inpatient,127 W 25th St,40.7448724,-73.9931412,New York,New York,10001,127 W 25th St New York New York 10001,New York,10,,4/14/2014,104
53160,Bowery Residents' Committee SRh,Residential,50490,"Bowery Residents' Committee, Inc.",820 Stabil and Rehab,127 W 25th St,40.7448724,-73.9931412,New York,New York,10001,127 W 25th St New York New York 10001,New York,22,,10/1/2017,104
6974,"Samaritan Daytop Village, Inc. IR 3",Residential,16890,"Samaritan Daytop Village, Inc.",Intensive Residential,327 W 43rd St,40.758575,-73.9905096,New York,New York,10036,327 W 43rd St New York New York 10036,New York,48,,6/1/1996,104
51389,Alcoholism Treatment Center IP,Inpatient,11490,Addiction Care Interventions,Inpatient Rehabilitation,500 W 57th St,40.7689777,-73.9890026,New York,New York,10019,500 W 57th St New York New York 10019,New York,31,,7/1/1993,104
51656,Addiction Care Interventions MSW-IP,Crisis,11490,Addiction Care Interventions,Med Sup Withdrawal - Inpatient,500 W 57th St,40.7689777,-73.9890026,New York,New York,10019,500 W 57th St New York New York 10019,New York,69,,1/1/1996,104
53141,St. Luke's Roosevelt Hosp Center MMD,Crisis,87090,St. Luke's-Roosevelt Hospital Center,Medical Managed Detoxification,1000 10th Ave,40.7699982,-73.9874797,New York,New York,10019,1000 10th Ave New York New York 10019,New York,22,,8/1/2017,104
53145,St. Luke's-Roosevelt Hosp IP,Inpatient,87090,St. Luke's-Roosevelt Hospital Center,Inpatient Rehabilitation,1000 10th Ave,40.7699982,-73.9874797,New York,New York,10019,1000 10th Ave New York New York 10019,New York,22,,8/9/2017,104
53149,St. Luke's-Roosevelt Hosp Center OTP,Opioid Treatment Program,87090,St. Luke's-Roosevelt Hospital Center,Opioid Outpatient Treatment,429 W 58th St,40.7691924,-73.9863586,New York,New York,10019,429 W 58th St New York New York 10019,New York,350,,8/9/2017,104
52935,Inter-Care LTD. MSW OP,Crisis,16640,Inter-Care LTD.,Med Sup Withdrawal-Outpatient,51 E 25th St,40.7419253,-73.9861197,New York,New York,10010,51 E 25th St New York New York 10010,New York,15,,1/1/2016,105
53139,Beth Israel Medical Center MSW-OP,Crisis,83040,Beth Israel Medical Center,Med Sup Withdrawal-Outpatient,1 Nathan D. Perlman Place,40.7329096,-73.9831509,New York,New York,10003,1 Nathan D. Perlman Place New York New York 10003,New York,20,,8/1/2017,106
53136,Stuyvesant Square CD Treatment Prog IP,Inpatient,83040,Beth Israel Medical Center,Inpatient Rehabilitation,10 Nathan D. Perlman Place,40.7330892,-73.9830393,New York,New York,10003,10 Nathan D. Perlman Place New York New York 10003,New York,30,,8/10/2017,106
53138,Beth Israel Medical Center MMD,Crisis,83040,Beth Israel Medical Center,Medical Managed Detoxification,10 Nathan D. Perlman Place,40.7330892,-73.9830393,New York,New York,10003,10 Nathan D. Perlman Place New York New York 10003,New York,31,,8/1/2017,106
53132,Clinic 1E OTP,Opioid Treatment Program,83040,Beth Israel Medical Center,Opioid Outpatient Treatment,429 2nd Ave,40.7390936,-73.9803859,New York,New York,10010,429 2nd Ave New York New York 10010,New York,330,,8/10/2017,106
53133,Clinic 3G OTP,Opioid Treatment Program,83040,Beth Israel Medical Center,Opioid Outpatient Treatment,429 2nd Ave,40.7390936,-73.9803859,New York,New York,10010,429 2nd Ave New York New York 10010,New York,600,,8/10/2017,106
53134,Clinic 2C OTP,Opioid Treatment Program,83040,Beth Israel Medical Center,Opioid Outpatient Treatment,429 2nd Ave,40.7390936,-73.9803859,New York,New York,10010,429 2nd Ave New York New York 10010,New York,600,,8/10/2017,106
8020,"Parallax Center, Inc. MSW-OP",Crisis,1898,"Parallax Center, Inc.",Med Sup Withdrawal-Outpatient,145 E 32nd St,40.7450693,-73.9800222,New York,New York,10016,145 E 32nd St New York New York 10016,New York,25,,9/1/1999,106
50285,Detoxification Unit MMD,Crisis,85120,Bellevue Hospital Center (HHC),Medical Managed Detoxification,462 1st Ave,40.7396579,-73.9763163,New York,New York,10016,462 1st Ave New York New York 10016,New York,20,,7/1/1988,106
422,Bellevue Hospital Center OTP,Opioid Treatment Program,85120,Bellevue Hospital Center (HHC),Opioid Outpatient Treatment,462 1st Ave,40.7396579,-73.9763163,New York,New York,10016,462 1st Ave New York New York 10016,New York,400,,1/1/1981,106
53146,St. Luke's-Roosevelt Hosp Hlfwy Hse CR,Residential,87090,St. Luke's-Roosevelt Hospital Center,Community Residential,306 W 102nd St,40.7991381,-73.9711455,New York,New York,10025,306 W 102nd St New York New York 10025,New York,24,,8/9/2017,107
52723,"Samaritan Daytop Village, Inc. IR 4",Residential,16890,"Samaritan Daytop Village, Inc.",Intensive Residential,119 W 106th St,40.7998561,-73.9636496,New York,New York,10025,119 W 106th St New York New York 10025,New York,36,,1/1/2014,107
52722,"Samaritan Daytop Village, Inc. CR",Residential,16890,"Samaritan Daytop Village, Inc.",Community Residential,68 W 106th St,40.798774,-73.9625475,New York,New York,10025,68 W 106th St New York New York 10025,New York,36,,1/1/2014,107
53204,Ascendant New York MSW-IP,Crisis,49900,Ascendant New York,Med Sup Withdrawal - Inpatient,113 E 60th St,40.7634267,-73.9686057,New York,New York,10022,113 E 60th St New York New York 10022,New York,18,,7/17/2018,108
331,New York & Presbyterian Hospital OTP,Opioid Treatment Program,81170,The New York and Presbyterian Hospital,Opioid Outpatient Treatment,503 E 70th St,40.7655029,-73.9542643,New York,New York,10021,503 E 70th St New York New York 10021,New York,200,,12/1/1980,108
1472,Carnegie Hill Institute OTP,Opioid Treatment Program,549,"Carnegie Hill Institute, Inc.",Opioid Outpatient Treatment,116 E 92nd St,40.783495,-73.9538229,New York,New York,10128,116 E 92nd St New York New York 10128,New York,200,,9/1/1977,108
52629,Striver House IR,Residential,10160,"Argus Community, Inc.",Intensive Residential,202 Edgecombe Ave,40.8225562,-73.9440876,New York,New York,10030,202 Edgecombe Ave New York New York 10030,New York,60,,7/2/2012,109
53116,"Create, Inc. RR",Residential,296,"Create, Inc.",820 Rehab and Reintegration,121 W 111th St,40.7995295,-73.9531999,New York,New York,10026,121 W 111th St New York New York 10026,New York,48,,7/1/2017,110
53130,Beth Israel Medical Center OTP,Opioid Treatment Program,83040,Beth Israel Medical Center,Opioid Outpatient Treatment,140 W 125th St,40.8078651,-73.9475402,New York,New York,10027,140 W 125th St New York New York 10027,New York,800,,8/10/2017,110
6,Starting Point Clinic OTP,Opioid Treatment Program,47570,START Treatment & Recovery Centers,Opioid Outpatient Treatment,119 W 124th St,40.8076925,-73.946774,New York,New York,10027,119 W 124th St New York New York 10027,New York,300,,4/1/1977,110
8,Kaleidoscope Clinic OTP,Opioid Treatment Program,47570,START Treatment & Recovery Centers,Opioid Outpatient Treatment,119 W 124th St,40.8076925,-73.946774,New York,New York,10027,119 W 124th St New York New York 10027,New York,300,,4/1/1977,110
53268,"Elev8 Center New York, LLC IP",Inpatient,50200,"Elev8 Center New York, LLC",Inpatient Rehabilitation,151 W 136th St,40.8157863,-73.9420211,New York,New York,10030,151 W 136th St New York New York 10030,New York,37,,7/27/2018,110
53270,"Elev8 Center New York, LLC MSW IP",Crisis,50200,"Elev8 Center New York, LLC",Med Sup Withdrawal - Inpatient,151 W 136th St,40.8157863,-73.9420211,New York,New York,10030,151 W 136th St New York New York 10030,New York,38,,8/8/2018,110
50315,Harlem Hospital Ctr - MMD,Crisis,85130,Harlem Hospital Center (HHC),Medical Managed Detoxification,506 Lenox Ave,40.8142287,-73.9396101,New York,New York,10037,506 Lenox Ave New York New York 10037,New York,14,,1/1/1991,110
52856,Ujima House CR,Residential,39050,"Palladia, Inc.",Community Residential,1806 3rd Avenue,40.788103,-73.947607,New York,New York,10029,1806 3rd Avenue New York New York 10029,New York,72,,7/2/2015,111
660,Multi Track Abstinence Program OTP,Opioid Treatment Program,10030,Center for Comprehensive Hlth Practice,Opioid Outpatient Treatment,1900 2nd Ave,40.7854095,-73.9458363,New York,New York,10029,1900 2nd Ave New York New York 10029,New York,125,,4/1/1977,111
1237,PregnantAddictsAddictedMothersPgm OTP,Opioid Treatment Program,10030,Center for Comprehensive Hlth Practice,Opioid Outpatient Treatment,1900 2nd Ave,40.7854095,-73.9458363,New York,New York,10029,1900 2nd Ave New York New York 10029,New York,129,,4/1/1977,111
3553,Extended Care Program OTP,Opioid Treatment Program,10030,Center for Comprehensive Hlth Practice,Opioid Outpatient Treatment,1900 2nd Ave,40.7854095,-73.9458363,New York,New York,10029,1900 2nd Ave New York New York 10029,New York,190,,4/1/1977,111
669,Metropolitan Hospital Center OTP,Opioid Treatment Program,81210,Metropolitan Hospital Center (HHC),Opioid Outpatient Treatment,1900 2nd Ave,40.7854095,-73.9458363,New York,New York,10029,1900 2nd Ave New York New York 10029,New York,300,,4/1/1977,111
1346,Metropolitan Hospital Center MMD,Crisis,81210,Metropolitan Hospital Center (HHC),Medical Managed Detoxification,1901 1st Ave,40.7852328,-73.945029,New York,New York,10029,1901 1st Ave New York New York 10029,New York,19,,7/1/1977,111
51809,Upper Manhattan MH Center CR,Residential,70490,Upper Manhattan Mental Health Center,Community Residential,2009 3rd Ave,40.7942476,-73.9423885,New York,New York,10029,2009 3rd Ave New York New York 10029,New York,20,,7/1/1999,111
53274,Mary S. Taylor Homeless Outreach RRi,Residential,10160,"Argus Community, Inc.",820 Residential Reintegration,2015 Madison Ave,40.8077246,-73.9388753,New York,New York,10035,2015 Madison Ave New York New York 10035,New York,150,,9/10/2018,111
53135,Harlem No. 6/7 OTP,Opioid Treatment Program,83040,Beth Israel Medical Center,Opioid Outpatient Treatment,103 E 125th St,40.8050869,-73.9387069,New York,New York,10035,103 E 125th St New York New York 10035,New York,450,,8/10/2017,111
53129,Harlem No. 2 OTP,Opioid Treatment Program,83040,Beth Israel Medical Center,Opioid Outpatient Treatment,103 E 125th St,40.8050869,-73.9387069,New York,New York,10035,103 E 125th St New York New York 10035,New York,600,,8/10/2017,111
53128,Clinic 1 OTP,Opioid Treatment Program,83040,Beth Israel Medical Center,Opioid Outpatient Treatment,103 E 125th St,40.8050869,-73.9387069,New York,New York,10035,103 E 125th St New York New York 10035,New York,800,,8/10/2017,111
77,Third Horizon Clinic OTP,Opioid Treatment Program,47570,START Treatment & Recovery Centers,Opioid Outpatient Treatment,2193 3rd Avenue,40.8000851,-73.9380569,New York,New York,10035,2193 3rd Avenue New York New York 10035,New York,385,,4/1/1977,111
53111,Addicts Rehabilitation Center Fund RRh,Residential,19,"Addicts Rehabilitation Center Fund,Inc",820 Residential Rehabilitation,1881 Park Ave,40.8070905,-73.9371302,New York,New York,10035,1881 Park Ave New York New York 10035,New York,216,,6/19/2017,111
6817,Odyssey Manor IR 2,Residential,19400,"Odyssey House, Inc.",Intensive Residential,219 E 121st St,40.8009203,-73.9365791,New York,New York,10035,219 E 121st St New York New York 10035,New York,196,,7/1/1993,111
1368,Odyssey Manor IR 1,Residential,19400,"Odyssey House, Inc.",Intensive Residential,219 E 121st St,40.8009203,-73.9365791,New York,New York,10035,219 E 121st St New York New York 10035,New York,45,,9/1/1977,111
7340,Unit II KEEP,Opioid Treatment Program,550,Harlem East Life Plan,Methadone KEEP,2369 2nd Ave,40.8006702,-73.9354999,New York,New York,10035,2369 2nd Ave New York New York 10035,New York,50,,9/1/2001,111
1473,Unit II OTP,Opioid Treatment Program,550,Harlem East Life Plan,Opioid Outpatient Treatment,2369 2nd Ave,40.8006702,-73.9354999,New York,New York,10035,2369 2nd Ave New York New York 10035,New York,500,,9/1/1977,111
1474,Unit I OTP,Opioid Treatment Program,550,Harlem East Life Plan,Opioid Outpatient Treatment,2369 2nd Ave,40.8006702,-73.9354999,New York,New York,10035,2369 2nd Ave New York New York 10035,New York,500,,9/1/1977,111
53120,"Greenhope Services for Women, Inc. IR1",Residential,31030,"Greenhope Services for Women, Inc.",Intensive Residential,435 E 119th St,40.7974562,-73.932584,New York,New York,10035,435 E 119th St New York New York 10035,New York,72,,7/26/2017,111
53066,George Rosenfeld Ctr for Recovery IR,Residential,19400,"Odyssey House, Inc.",Intensive Residential,13 Hell Gate Circle,40.7846083,-73.9276647,New York,New York,10035,13 Hell Gate Circle New York New York 10035,New York,74,,4/11/2017,111
52848,George Rosenfeld Ctr for Recovery IR,Residential,19400,"Odyssey House, Inc.",Intensive Residential,13 Hell Gate Circle,40.7846083,-73.9276647,New York,New York,10035,13 Hell Gate Circle New York New York 10035,New York,97,,5/6/2015,111
1302,Highbridge Clinic OTP,Opioid Treatment Program,47570,START Treatment & Recovery Centers,Opioid Outpatient Treatment,500 W 180th St,40.8475105,-73.9318287,New York,New York,10033,500 W 180th St New York New York 10033,New York,350,,1/1/1981,112
52883,"Samaritan Daytop Village, Inc. OTP 2",Opioid Treatment Program,16890,"Samaritan Daytop Village, Inc.",Opioid Outpatient Treatment,250 Grand Concourse,40.81338,-73.929323,New York,New York,10451,250 Grand Concourse New York New York 10451,Bronx,770,,9/25/2015,201
52882,"Samaritan Daytop Village, Inc. OTP 1",Opioid Treatment Program,16890,"Samaritan Daytop Village, Inc.",Opioid Outpatient Treatment,477 Willis Ave,40.814587,-73.9194027,New York,New York,10455,477 Willis Ave New York New York 10455,Bronx,850,,9/24/2015,201
5960,Harbor House IR,Residential,10160,"Argus Community, Inc.",Intensive Residential,402 E 156th St,40.8206843,-73.9153385,New York,New York,10455,402 E 156th St New York New York 10455,Bronx,59,,4/1/1991,201
52790,Wellness Center at Port Morris OTP,Opioid Treatment Program,85420,Montefiore Medical Center,Opioid Outpatient Treatment,804 E 138th St,40.8033454,-73.9105605,New York,New York,10454,804 E 138th St New York New York 10454,Bronx,1080,TRUE,3/30/2015,201
52934,Ramon Velez Recovery Center OTP,Opioid Treatment Program,166,"PROMESA, Inc.",Opioid Outpatient Treatment,754 E 151st St,40.8145918,-73.9071417,New York,New York,10455,754 E 151st St New York New York 10455,Bronx,800,TRUE,1/4/2016,201
4200,"Argus Community, Inc. IR",Residential,10160,"Argus Community, Inc.",Intensive Residential,760 E 160th St,40.8203843,-73.9047453,New York,New York,10456,760 E 160th St New York New York 10456,Bronx,50,,4/1/1977,201
7258,La Casita III-The Mix IR 1,Residential,330,"United Bronx Parents, Inc",Intensive Residential,1006 E 151st St,40.8140782,-73.904167,New York,New York,10455,1006 E 151st St New York New York 10455,Bronx,21,,3/1/2000,201
6093,El Regreso IR,Residential,1522,"El Regreso, Inc.",Intensive Residential,834 E 156th St,40.817327,-73.9034,New York,New York,10455,834 E 156th St New York New York 10455,Bronx,54,,7/1/1991,201
5750,Lorraine Montenegro Women/Children IR,Residential,330,"United Bronx Parents, Inc",Intensive Residential,773 Prospect Ave,40.817951,-73.9028707,New York,New York,10455,773 Prospect Ave New York New York 10455,Bronx,38,,7/1/1990,201
52056,Odyssey House IR 6,Residential,19400,"Odyssey House, Inc.",Intensive Residential,1264 Lafayette Ave,40.8163966,-73.8884707,New York,New York,10474,1264 Lafayette Ave New York New York 10474,Bronx,16,,4/19/2006,202
6959,Franklin House IR,Residential,1857,"BASICS, Bronx Addiction Services",Intensive Residential,1068 Franklin Ave,40.8270474,-73.9068578,New York,New York,10456,1068 Franklin Ave New York New York 10456,Bronx,130,,5/1/1997,203
52763,BronxCare Addictions Detox Prog MSW-IP,Crisis,85190,BronxCare Health System,Med Sup Withdrawal - Inpatient,1285 Fulton Ave,40.8321771,-73.9038783,New York,New York,10456,1285 Fulton Ave New York New York 10456,Bronx,20,,8/12/2014,203
50036,BronxCare Life Recovery CR,Residential,85190,BronxCare Health System,Community Residential,1285 Fulton Ave,40.8321771,-73.9038783,New York,New York,10456,1285 Fulton Ave New York New York 10456,Bronx,22,,5/1/1987,203
51116,BronxCare Addictions Rehab Prog IP,Inpatient,85190,BronxCare Health System,Inpatient Rehabilitation,1285 Fulton Ave,40.8321771,-73.9038783,New York,New York,10456,1285 Fulton Ave New York New York 10456,Bronx,25,,1/1/1991,203
309,BronxCare OTP,Opioid Treatment Program,85190,BronxCare Health System,Opioid Outpatient Treatment,1276 Fulton Ave,40.8313757,-73.9028086,New York,New York,10456,1276 Fulton Ave New York New York 10456,Bronx,600,TRUE,1/1/1982,203
3162,"Samaritan Daytop Village, Inc IR 2",Residential,16890,"Samaritan Daytop Village, Inc.",Intensive Residential,1381 Dr Martin L King Jr Blvd,40.8314532,-73.902619,New York,New York,10452,1381 Dr Martin L King Jr Blvd New York New York 10452,Bronx,152,,4/1/1977,203
52659,"Odyssey House, Inc. CR",Residential,19400,"Odyssey House, Inc.",Community Residential,1328 Clinton Ave,40.8319125,-73.9000284,New York,New York,10456,1328 Clinton Ave New York New York 10456,Bronx,57,,2/1/2013,203
52791,Wellness Center at Melrose OTP,Opioid Treatment Program,85420,Montefiore Medical Center,Opioid Outpatient Treatment,260 E 161st St,40.8255424,-73.9190145,New York,New York,10451,260 E 161st St New York New York 10451,Bronx,950,,3/30/2015,204
829,Concourse Medical Center OTP,Opioid Treatment Program,43050,"Concourse Medical Center, Inc.",Opioid Outpatient Treatment,880 Morris Ave,40.8258742,-73.9181369,New York,New York,10451,880 Morris Ave New York New York 10451,Bronx,600,,4/1/1977,204
52855,Starhill IR,Residential,39050,"Palladia, Inc.",Intensive Residential,1600 Macombs Rd,40.8459464,-73.9163901,New York,New York,10452,1600 Macombs Rd New York New York 10452,Bronx,200,,7/2/2015,205
420,Montefiore Medical Center OTP 1,Opioid Treatment Program,85420,Montefiore Medical Center,Opioid Outpatient Treatment,2058 Jerome Ave,40.8540848,-73.9067261,New York,New York,10453,2058 Jerome Ave New York New York 10453,Bronx,700,TRUE,7/1/1981,205
1183,"PROMESA, Inc. MTA-R",Opioid Treatment Program,166,"PROMESA, Inc.",MAOT-A-Residential,1776 Clay Ave,40.8461493,-73.9042441,New York,New York,10457,1776 Clay Ave New York New York 10457,Bronx,110,,4/1/1977,205
52108,"PROMESA, Inc. IP",Inpatient,166,"PROMESA, Inc.",Inpatient Rehabilitation,1776 Clay Ave,40.8461493,-73.9042441,New York,New York,10457,1776 Clay Ave New York New York 10457,Bronx,23,,7/23/2007,205
52099,"PROMESA, Inc. MSW-IP",Crisis,166,"PROMESA, Inc.",Med Sup Withdrawal - Inpatient,1776 Clay Ave,40.8461493,-73.9042441,New York,New York,10457,1776 Clay Ave New York New York 10457,Bronx,30,,6/1/2007,205
1185,"PROMESA, Inc. OTP",Opioid Treatment Program,166,"PROMESA, Inc.",Opioid Outpatient Treatment,1776 Clay Ave,40.8461493,-73.9042441,New York,New York,10457,1776 Clay Ave New York New York 10457,Bronx,550,TRUE,4/1/1977,205
2,"PROMESA, Inc. RRSY",Residential,166,"PROMESA, Inc.",Residential Rehab for Youth,311 E 175th St,40.8467974,-73.9042064,New York,New York,10457,311 E 175th St New York New York 10457,Bronx,40,,11/1/1977,205
670,"VIP Community Services, Inc. OTP",Opioid Treatment Program,325,Vocational Instruction Proj Commun Srv,Opioid Outpatient Treatment,1910 Arthur Ave,40.8455046,-73.8930381,New York,New York,10457,1910 Arthur Ave New York New York 10457,Bronx,1000,TRUE,4/1/1977,206
53043,VIP Community Services RR,Residential,325,Vocational Instruction Proj Commun Srv,820 Rehab and Reintegration,716 Fairmount Pl,40.8438906,-73.8917203,New York,New York,10457,716 Fairmount Pl New York New York 10457,Bronx,40,,1/9/2017,206
6962,St. Barnabas Hospital OTP,Opioid Treatment Program,81630,St. Barnabas Hospital,Opioid Outpatient Treatment,4535 3rd Ave,40.8545352,-73.8909235,New York,New York,10457,4535 3rd Ave New York New York 10457,Bronx,660,,7/1/1996,206
50717,St. Barnabas Hospital MMD,Crisis,81630,St. Barnabas Hospital,Medical Managed Detoxification,4422 3rd Ave,40.8533764,-73.8907008,New York,New York,10457,4422 3rd Ave New York New York 10457,Bronx,24,,7/1/1992,206
53042,VIP Community Services SRR,Residential,325,Vocational Instruction Proj Commun Srv,820 Stabil Rehab Reintegration,764 E 176th St,40.8424274,-73.8903739,New York,New York,10460,764 E 176th St New York New York 10460,Bronx,80,,1/9/2017,206
327,Montefiore Medical Center OTP,Opioid Treatment Program,85420,Montefiore Medical Center,Opioid Outpatient Treatment,3550 Jerome Ave,40.8839837,-73.8799004,New York,New York,10467,3550 Jerome Ave New York New York 10467,Bronx,350,TRUE,7/1/1981,207
50456,Jacobi Medical Center- MMD,Crisis,85140,Jacobi Medical Center (HHC),Medical Managed Detoxification,1400 Pelham Pkwy S,40.8556769,-73.8462363,New York,New York,10461,1400 Pelham Pkwy S New York New York 10461,Bronx,16,,4/1/1989,211
52788,Montefiore Medical Center MSW-OP,Crisis,85420,Montefiore Medical Center,Med Sup Withdrawal-Outpatient,1510 Waters Pl,40.8458875,-73.8408173,New York,New York,10461,1510 Waters Pl New York New York 10461,Bronx,15,,3/30/2015,211
52786,Wellness Center at Waters Place OTP,Opioid Treatment Program,85420,Montefiore Medical Center,Opioid Outpatient Treatment,1510 Waters Pl,40.8458875,-73.8408173,New York,New York,10461,1510 Waters Pl New York New York 10461,Bronx,995,TRUE,3/31/2015,211
50740,Bronx ATC IP,Inpatient,90008,Bronx Addiction Treatment Center,Inpatient Rehabilitation,1500 Waters Pl,40.8523855,-73.8372738,New York,New York,10461,1500 Waters Pl New York New York 10461,Bronx,38,,1/1/1991,211
51995,El Regreso IR 1,Residential,1522,"El Regreso, Inc.",Intensive Residential,141 South 3rd St,40.7125325,-73.9619276,New York,New York,11211,141 South 3rd St New York New York 11211,Kings,40,,12/6/2004,301
8033,Brooklyn Hospital Center MMD,Crisis,27480,Brooklyn Hospital Center,Medical Managed Detoxification,121 DeKalb Avenue,40.691265,-73.9777743,New York,New York,11201,121 DeKalb Avenue New York New York 11201,Kings,10,,6/1/1998,302
7,Fort Greene Clinic OTP,Opioid Treatment Program,47570,START Treatment & Recovery Centers,Opioid Outpatient Treatment,937 Fulton St,40.683555,-73.9656929,New York,New York,11238,937 Fulton St New York New York 11238,Kings,500,,4/1/1977,302
7191,Serendipity II Madeline Randers Ctr IR,Residential,587,"New York Therapeutic Communities, Inc.",Intensive Residential,944 Bedford Ave,40.6924741,-73.9560305,New York,New York,11205,944 Bedford Ave New York New York 11205,Kings,40,,2/1/2001,303
50202,Kings County Hospital Center CR,Residential,87030,Kings County Hospital Center (HHC),Community Residential,722 Myrtle Ave,40.6946735,-73.9544341,New York,New York,11205,722 Myrtle Ave New York New York 11205,Kings,24,,6/1/1990,303
6096,Woodhull Medical & MH Center MMD,Crisis,85180,Woodhull Medical/Mental Health Ctr-HHC,Medical Managed Detoxification,760 Broadway,40.6996948,-73.9425116,New York,New York,11206,760 Broadway New York New York 11206,Kings,21,,7/1/1991,303
50586,Interfaith Medical Center MMD,Crisis,85470,Interfaith Medical Center,Medical Managed Detoxification,1545 Atlantic Ave,40.6783744,-73.9374075,New York,New York,11213,1545 Atlantic Ave New York New York 11213,Kings,20,,7/1/1992,303
7038,Interfaith Medical Center IP,Inpatient,85470,Interfaith Medical Center,Inpatient Rehabilitation,1545 Atlantic Ave,40.6783744,-73.9374075,New York,New York,11213,1545 Atlantic Ave New York New York 11213,Kings,20,,6/1/1996,303
51996,Kingsboro ATC MSW IP,Crisis,90014,Kingsboro Addiction Treatment Center,Med Sup Withdrawal - Inpatient,754 Lexington Ave,40.6900024,-73.928725,New York,New York,11221,754 Lexington Ave New York New York 11221,Kings,10,,6/1/2005,303
52967,Kingsboro ATC IP,Inpatient,90014,Kingsboro Addiction Treatment Center,Inpatient Rehabilitation,754 Lexington Ave,40.6900024,-73.928725,New York,New York,11221,754 Lexington Ave New York New York 11221,Kings,60,,5/27/2016,303
80,ARTC Bushwick MMTP OTP,Opioid Treatment Program,47570,START Treatment & Recovery Centers,Opioid Outpatient Treatment,1149 Myrtle Ave,40.697169,-73.934834,New York,New York,11206,1149 Myrtle Ave New York New York 11206,Kings,500,,4/1/1977,304
78,East New York Clinic OTP,Opioid Treatment Program,47570,START Treatment & Recovery Centers,Opioid Outpatient Treatment,494 Dumont Ave,40.6651326,-73.9006171,New York,New York,11207,494 Dumont Ave New York New York 11207,Kings,500,,4/1/1977,305
52570,Alabama Clinic OTP,Opioid Treatment Program,81050,"St. Joseph's Hospital, Yonkers",Opioid Outpatient Treatment,480 Alabama Ave,40.6640612,-73.8970486,New York,New York,11207,480 Alabama Ave New York New York 11207,Kings,700,,12/17/2010,305
53294,Urban Recovery House LLC IP,Inpatient,50560,Urban Recovery House LLC,Inpatient Rehabilitation,411 Van Brunt St,40.6753741,-74.0148181,New York,New York,11231,411 Van Brunt St New York New York 11231,Kings,30,,12/1/2018,306
53295,Urban Recovery House LLC MSW-IP,Crisis,50560,Urban Recovery House LLC,Med Sup Withdrawal - Inpatient,411 Van Brunt St,40.6753741,-74.0148181,New York,New York,11231,411 Van Brunt St New York New York 11231,Kings,6,,12/1/2018,306
52884,"PROMESA, Inc. OTP 1",Opioid Treatment Program,166,"PROMESA, Inc.",Opioid Outpatient Treatment,561 Court St,40.6733442,-73.9999441,New York,New York,11231,561 Court St New York New York 11231,Kings,850,,9/24/2015,306
53131,Vincent P. Dole Clinic OTP,Opioid Treatment Program,83040,Beth Israel Medical Center,Opioid Outpatient Treatment,25 12th St,40.6722381,-73.9967764,New York,New York,11215,25 12th St New York New York 11215,Kings,600,TRUE,8/10/2017,306
53059,Resource Beacon of Hope MSW IP,Crisis,49600,"Resource Beacon of Hope, LLC",Med Sup Withdrawal - Inpatient,449 39th St,40.6519942,-74.0046772,New York,New York,11232,449 39th St New York New York 11232,Kings,20,,3/1/2017,307
1479,S Brooklyn Medical Admin Srvs Inc. OTP,Opioid Treatment Program,553,South Brooklyn Medical Admin Srvs Inc.,Opioid Outpatient Treatment,685 3rd Avenue,40.663909,-73.9971896,New York,New York,11232,685 3rd Avenue New York New York 11232,Kings,450,,9/1/1977,307
335,Interfaith Medical Ctr MMTP Clinic OTP,Opioid Treatment Program,85470,Interfaith Medical Center,Opioid Outpatient Treatment,880 Bergen St,40.6769979,-73.9581623,New York,New York,11238,880 Bergen St New York New York 11238,Kings,450,,1/1/1982,308
53208,"Anchor House, Inc. SRR 1",Residential,610,"Anchor House, Inc.",820 Stabil Rehab Reintegration,1041 Bergen St,40.6763333,-73.9519127,New York,New York,11216,1041 Bergen St New York New York 11216,Kings,50,,10/5/2018,308
53207,"Anchor House, Inc. SRR",Residential,610,"Anchor House, Inc.",820 Stabil Rehab Reintegration,976 Park Pl,40.6729314,-73.9451897,New York,New York,11213,976 Park Pl New York New York 11213,Kings,28,,10/5/2018,308
52567,"St. Joseph's Hospital, Yonkers OTP 2",Opioid Treatment Program,81050,"St. Joseph's Hospital, Yonkers",Opioid Outpatient Treatment,1480 Prospect Pl,40.6729521,-73.927417,New York,New York,11213,1480 Prospect Pl New York New York 11213,Kings,300,,12/16/2010,308
50152,Kings County Hospital MMD,Crisis,87030,Kings County Hospital Center (HHC),Medical Managed Detoxification,410 Winthrop St,40.657285,-73.9465508,New York,New York,11203,410 Winthrop St New York New York 11203,Kings,30,,1/1/1987,309
920,Kings Co. Hosp. OTP 2,Opioid Treatment Program,87030,Kings County Hospital Center (HHC),Opioid Outpatient Treatment,591 Kingston Ave,40.6592133,-73.9412557,New York,New York,11203,591 Kingston Ave New York New York 11203,Kings,750,,6/1/1992,309
52160,Dynamic Youth CR,Residential,105,Dynamic Youth Community Inc,Community Residential,1830 Coney Island Ave,40.6127954,-73.9632845,New York,New York,11230,1830 Coney Island Ave New York New York 11230,Kings,16,,9/8/2008,312
7080,Coney Island Hospital MMD,Crisis,87050,Coney Island Hospital (HHC),Medical Managed Detoxification,2601 Ocean Pkwy,40.5856257,-73.9648706,New York,New York,11235,2601 Ocean Pkwy New York New York 11235,Kings,15,,3/1/1997,313
7148,Staten Island University Hosp. OTP 2,Opioid Treatment Program,85200,Staten Island University Hospital,Opioid Outpatient Treatment,425 Coney Island Ave,40.6474399,-73.970823,New York,New York,11218,425 Coney Island Ave New York New York 11218,Kings,400,,5/1/2000,314
5682,Serendipity I John David Cntr IR,Residential,587,"New York Therapeutic Communities, Inc.",Intensive Residential,2071 Fulton St,40.6785889,-73.9101323,New York,New York,11233,2071 Fulton St New York New York 11233,Kings,57,,7/1/1990,316
51330,Brownsville Community Development CR,Residential,45250,"Brownsville Comm Develop.Corp., Inc.",Community Residential,657 E 98th St,40.653721,-73.909997,New York,New York,11236,657 E 98th St New York New York 11236,Kings,21,,3/1/1998,316
52566,"St. Joseph's Hospital, Yonkers OTP 1",Opioid Treatment Program,81050,"St. Joseph's Hospital, Yonkers",Opioid Outpatient Treatment,211 Powell Street,40.6692163,-73.9035109,New York,New York,11212,211 Powell Street New York New York 11212,Kings,450,,12/16/2010,316
7150,Staten Island University Hosp. OTP 3,Opioid Treatment Program,85200,Staten Island University Hospital,Opioid Outpatient Treatment,567 E 105th St,40.6510806,-73.8979301,New York,New York,11236,567 E 105th St New York New York 11236,Kings,400,,8/1/2000,318
53073,Phoenix Houses of Long Island SRR,Residential,50570,"Phoenix Houses of Long Island, Inc.",820 Stabil Rehab Reintegration,34-25 Vernon Blvd,40.76469,-73.940189,New York,New York,11106,34-25 Vernon Blvd New York New York 11106,Queens,190,,8/29/2017,401
52642,Reality House Veterans CR,Residential,19660,Reality House Inc.,Community Residential,8-13 Astoria Blvd,40.7727467,-73.9318405,New York,New York,11102,8-13 Astoria Blvd New York New York 11102,Queens,30,,6/3/2013,401
1283,Elmcor Youth & Adult Activities IR,Residential,114,"Elmcor Youth and Adult Activities, Inc",Intensive Residential,107-06 Northern Blvd.,40.7575362,-73.8615928,New York,New York,11368,107-06 Northern Blvd. New York New York 11368,Queens,51,,4/1/1977,403
320,Elmhurst Hospital Center OTP,Opioid Treatment Program,87040,Elmhurst Hospital Center (HHC),Opioid Outpatient Treatment,79-01 Broadway,40.7450814,-73.8857797,New York,New York,11373,79-01 Broadway New York New York 11373,Queens,300,,1/1/1981,404
53003,Outreach Development Corp. RRSY 1,Residential,31360,Outreach Development Corporation,Residential Rehab for Youth,16-14 Weirfield St,40.6970683,-73.9057219,New York,New York,11385,16-14 Weirfield St New York New York 11385,Queens,30,,8/1/2016,405
52612,"Advanced Human Services, Inc. MSW-OP",Crisis,42660,"Advanced Human Services, Inc.",Med Sup Withdrawal-Outpatient,112-15 72nd Rd,40.7212686,-73.8380927,New York,New York,11375,112-15 72nd Rd New York New York 11375,Queens,30,,7/1/2011,406
51644,Flushing Hospital and Medical Ctr. MMD,Crisis,82070,Flushing Hospital and Medical Center,Medical Managed Detoxification,45th Ave and Parsons Blvd,40.7556207,-73.8156366,New York,New York,11355,45th Ave and Parsons Blvd New York New York 11355,Queens,30,,3/1/1996,407
9,Cornerstone of Medical Arts Ctr MSW IP,Crisis,81770,Cornerstone of Medical Arts Center,Med Sup Withdrawal - Inpatient,159-05 Union Tpke,40.7207319,-73.8079032,New York,New York,11366,159-05 Union Tpke New York New York 11366,Queens,116,,1/1/1994,408
51379,Cornerstone of Medical Arts Center IP,Inpatient,81770,Cornerstone of Medical Arts Center,Inpatient Rehabilitation,159-05 Union Tpke,40.7207319,-73.8079032,New York,New York,11366,159-05 Union Tpke New York New York 11366,Queens,60,,1/1/1994,408
52067,Richmond Hill Veterans Program IR,Residential,16890,"Samaritan Daytop Village, Inc.",Intensive Residential,130-15 89th Rd,40.699889,-73.8205125,New York,New York,11418,130-15 89th Rd New York New York 11418,Queens,50,,10/1/2006,409
393,Samaritan Daytop Village Inc M-IR,Opioid Treatment Program,16890,"Samaritan Daytop Village, Inc.",Intensive Residential,130-20 89th Rd,40.699497,-73.820313,New York,New York,11418,130-20 89th Rd New York New York 11418,Queens,104,,4/1/1977,409
52532,"Samaritan Daytop Village, Inc. OTP",Opioid Treatment Program,16890,"Samaritan Daytop Village, Inc.",Opioid Outpatient Treatment,130-20 89th Rd,40.699497,-73.820313,New York,New York,11418,130-20 89th Rd New York New York 11418,Queens,12,,9/1/2016,409
7388,Samaritan DaytopVill.-Intake/Assess IR,Residential,16890,"Samaritan Daytop Village, Inc.",Intensive Residential,88-83 Van Wyck Expy,40.702541,-73.8169087,New York,New York,11435,88-83 Van Wyck Expy New York New York 11435,Queens,30,,7/1/2002,409
53119,"Samaritan Daytop Village, Inc. SRh 1",Residential,16890,"Samaritan Daytop Village, Inc.",820 Stabil and Rehab,88-83 Van Wyck Expy,40.702541,-73.8169087,New York,New York,11435,88-83 Van Wyck Expy New York New York 11435,Queens,80,,10/1/2017,409
53156,"Argus Community, Inc. MMW",Crisis,10160,"Argus Community, Inc.",Medically Monitored Withdrawal,114-40 Van Wyck Expy,40.6814304,-73.8058351,New York,New York,11420,114-40 Van Wyck Expy New York New York 11420,Queens,36,,8/18/2017,410
1256,J-CAP IR,Residential,31340,Queens Village Committee for MH/J-CAP,Intensive Residential,116-30 Sutphin Blvd,40.681947,-73.792813,New York,New York,11434,116-30 Sutphin Blvd New York New York 11434,Queens,192,,4/1/1977,412
52569,Queens Opioid Treatment Clinic OTP,Opioid Treatment Program,81050,"St. Joseph's Hospital, Yonkers",Opioid Outpatient Treatment,175-20 Hillside Ave,40.7116422,-73.7869182,New York,New York,11432,175-20 Hillside Ave New York New York 11432,Queens,800,TRUE,12/17/2010,412
53203,Creedmoor ATC SRh,Residential,90009,Creedmoor Addiction Treatment Center,820 Stabil and Rehab,80-45 Winchester Blvd,40.7373165,-73.7325237,New York,New York,11427,80-45 Winchester Blvd New York New York 11427,Queens,26,,12/1/2017,413
307,Long Island Jewish Medical Center OTP,Opioid Treatment Program,85210,Long Island Jewish Medical Center,Opioid Outpatient Treatment,75-59 263rd St,40.7517757,-73.7108377,New York,New York,11004,75-59 263rd St New York New York 11004,Queens,375,TRUE,1/1/1981,413
52734,"Camelot of Staten Island, Inc. IR 1",Residential,12030,"Camelot of Staten Island, Inc.",Intensive Residential,273 Heberton Ave,40.6339498,-74.1329422,New York,New York,10302,273 Heberton Ave New York New York 10302,Richmond,24,,9/10/2014,501
51041,Amethyst House CR,Residential,31330,Amethyst House Inc.,Community Residential,280 Richmond Ter,40.6473896,-74.0827462,New York,New York,10301,280 Richmond Ter New York New York 10301,Richmond,20,,9/1/1993,501
944,Staten Island University Hosp. OTP 1,Opioid Treatment Program,85200,Staten Island University Hospital,Opioid Outpatient Treatment,111 Water St,40.627198,-74.077789,New York,New York,10304,111 Water St New York New York 10304,Richmond,220,,4/1/1977,501
53232,PREP SRh,Residential,19900,"Project Hospitality, Inc.",820 Stabil and Rehab,75 Vanderbilt Ave,40.6226149,-74.0754956,New York,New York,10304,75 Vanderbilt Ave New York New York 10304,Richmond,20,,7/1/2018,501
53213,"Camelot of Staten Island, Inc. SRR",Residential,12030,"Camelot of Staten Island, Inc.",820 Stabil Rehab Reintegration,460H Brielle Ave,40.5912118,-74.1320705,New York,New York,10314,460H Brielle Ave New York New York 10314,Richmond,45,,7/1/2018,502
50748,South Beach ATC IP,Inpatient,90012,South Beach Addiction Treatment Center,Inpatient Rehabilitation,777 Seaview Ave,40.5819188,-74.0804776,New York,New York,10305,777 Seaview Ave New York New York 10305,Richmond,30,,1/1/1991,502
4358,Staten Island University Hospital KEEP,Opioid Treatment Program,85200,Staten Island University Hospital,Methadone KEEP,392 Seguine Ave,40.5163721,-74.1973651,New York,New York,10309,392 Seguine Ave New York New York 10309,Richmond,50,,1/1/1987,503
304,Staten Island University Hosp. OTP,Opioid Treatment Program,85200,Staten Island University Hospital,Opioid Outpatient Treatment,392 Seguine Ave,40.5163721,-74.1973651,New York,New York,10309,392 Seguine Ave New York New York 10309,Richmond,500,,7/1/1981,503
51623,Staten Island University Hospital IP,Inpatient,85200,Staten Island University Hospital,Inpatient Rehabilitation,375 Seguine Ave,40.5167578,-74.1963791,New York,New York,10309,375 Seguine Ave New York New York 10309,Richmond,24,,4/1/1996,503
6975,Staten Island University Hospital MMD,Crisis,85200,Staten Island University Hospital,Medical Managed Detoxification,375 Seguine Ave,40.5167578,-74.1963791,New York,New York,10309,375 Seguine Ave New York New York 10309,Richmond,44,,3/1/1996,503